{
  "test": "paired image-bootstrap (dataset-level mIoU, seed-mean), two-sided",
  "n_val": 500,
  "B": 10000,
  "seeds": [
    42,
    123,
    456
  ],
  "variants": [
    "A",
    "B",
    "C",
    "D"
  ],
  "point_miou": {
    "A": 0.8128311662860589,
    "B": 0.8109295137140443,
    "C": 0.8122665367080488,
    "D": 0.8168719561954066
  },
  "miou_ci95": {
    "A": [
      0.7991561874242477,
      0.8237772326748858
    ],
    "B": [
      0.7969268914222276,
      0.8220283628021154
    ],
    "C": [
      0.7983535086588055,
      0.8234605949096051
    ],
    "D": [
      0.8036610150058713,
      0.827358812151087
    ]
  },
  "pairwise": {
    "A_vs_B": {
      "delta_miou": 0.0019016525720145783,
      "ci95": [
        -0.0018547330735085715,
        0.005959281423243943
      ],
      "p_two_sided": 0.3232,
      "p_holm": 0.9696
    },
    "A_vs_C": {
      "delta_miou": 0.0005646295780100674,
      "ci95": [
        -0.0025125453634270156,
        0.003984197585392198
      ],
      "p_two_sided": 0.714,
      "p_holm": 0.97
    },
    "A_vs_D": {
      "delta_miou": -0.004040789909347753,
      "ci95": [
        -0.007293200852098924,
        -0.0008751179914200181
      ],
      "p_two_sided": 0.0086,
      "p_holm": 0.043
    },
    "B_vs_C": {
      "delta_miou": -0.0013370229940045109,
      "ci95": [
        -0.00502322127827973,
        0.002310767061655799
      ],
      "p_two_sided": 0.485,
      "p_holm": 0.97
    },
    "B_vs_D": {
      "delta_miou": -0.005942442481362331,
      "ci95": [
        -0.010887851253821534,
        -0.0015569830100246277
      ],
      "p_two_sided": 0.0054,
      "p_holm": 0.0324
    },
    "C_vs_D": {
      "delta_miou": -0.00460541948735782,
      "ci95": [
        -0.009129510457910214,
        -0.0005957724301508566
      ],
      "p_two_sided": 0.023,
      "p_holm": 0.092
    }
  }
}