{
  "seeds": [
    42,
    123,
    456
  ],
  "lean": true,
  "singletons": {
    "A": {
      "mIoU": {
        "mean": 0.8128301655255887,
        "ci95": 0.005255676176628958
      },
      "fragments_mean": {
        "mean": 734.4153333333334,
        "ci95": 140.0871598767704
      }
    },
    "B": {
      "mIoU": {
        "mean": 0.8109303778749576,
        "ci95": 0.0074024437417706795
      },
      "fragments_mean": {
        "mean": 615.3246666666666,
        "ci95": 73.32105297288044
      }
    },
    "C": {
      "mIoU": {
        "mean": 0.8122671572439849,
        "ci95": 0.002106108290230491
      },
      "fragments_mean": {
        "mean": 595.3086666666667,
        "ci95": 98.2441897909541
      }
    },
    "D": {
      "mIoU": {
        "mean": 0.8168580404957865,
        "ci95": 0.002536108950326243
      },
      "fragments_mean": {
        "mean": 782.6253333333333,
        "ci95": 115.38412921202641
      }
    }
  },
  "pairings": {
    "C/B": {
      "mIoU": {
        "mean": 0.8123639761179011,
        "ci95": 0.001089443024761695
      },
      "fragments_mean": {
        "mean": 484.104,
        "ci95": 60.761922915764565
      },
      "delta_vs_primary": {
        "mIoU": 9.681887391621569e-05,
        "fragments_mean": -111.2046666666667
      }
    },
    "D/B": {
      "mIoU": {
        "mean": 0.816523209288044,
        "ci95": 0.0036126086528049653
      },
      "fragments_mean": {
        "mean": 636.832,
        "ci95": 68.31852917175547
      },
      "delta_vs_primary": {
        "mIoU": -0.00033483120774246977,
        "fragments_mean": -145.7933333333333
      }
    },
    "C/A": {
      "mIoU": {
        "mean": 0.8131135811289805,
        "ci95": 0.0012405643966112575
      },
      "fragments_mean": {
        "mean": 544.9126666666667,
        "ci95": 124.14407510843877
      },
      "delta_vs_primary": {
        "mIoU": 0.0008464238849955619,
        "fragments_mean": -50.39599999999996
      }
    },
    "D/A": {
      "mIoU": {
        "mean": 0.8182255511076807,
        "ci95": 0.00017611450253127414
      },
      "fragments_mean": {
        "mean": 660.5160000000001,
        "ci95": 103.86840243574126
      },
      "delta_vs_primary": {
        "mIoU": 0.0013675106118942182,
        "fragments_mean": -122.10933333333321
      }
    }
  }
}